--
-- PostgreSQL database dump
--

-- Dumped from database version 14.5
-- Dumped by pg_dump version 14.5

-- Started on 2022-12-12 00:44:04

SET statement_timeout = 0;
SET lock_timeout = 0;
SET idle_in_transaction_session_timeout = 0;
SET client_encoding = 'UTF8';
SET standard_conforming_strings = on;
SELECT pg_catalog.set_config('search_path', '', false);
SET check_function_bodies = false;
SET xmloption = content;
SET client_min_messages = warning;
SET row_security = off;

SET default_tablespace = '';

SET default_table_access_method = heap;

--
-- TOC entry 210 (class 1259 OID 17507)
-- Name: category; Type: TABLE; Schema: public; Owner: postgres
--

CREATE TABLE public.category (
    id integer NOT NULL,
    name character varying(255)
);


ALTER TABLE public.category OWNER TO postgres;

--
-- TOC entry 209 (class 1259 OID 17506)
-- Name: category_id_seq; Type: SEQUENCE; Schema: public; Owner: postgres
--

ALTER TABLE public.category ALTER COLUMN id ADD GENERATED BY DEFAULT AS IDENTITY (
    SEQUENCE NAME public.category_id_seq
    START WITH 1
    INCREMENT BY 1
    NO MINVALUE
    NO MAXVALUE
    CACHE 1
);


--
-- TOC entry 212 (class 1259 OID 17513)
-- Name: image; Type: TABLE; Schema: public; Owner: postgres
--

CREATE TABLE public.image (
    id integer NOT NULL,
    file_name character varying(255),
    product_id integer NOT NULL
);


ALTER TABLE public.image OWNER TO postgres;

--
-- TOC entry 211 (class 1259 OID 17512)
-- Name: image_id_seq; Type: SEQUENCE; Schema: public; Owner: postgres
--

ALTER TABLE public.image ALTER COLUMN id ADD GENERATED BY DEFAULT AS IDENTITY (
    SEQUENCE NAME public.image_id_seq
    START WITH 1
    INCREMENT BY 1
    NO MINVALUE
    NO MAXVALUE
    CACHE 1
);


--
-- TOC entry 214 (class 1259 OID 17519)
-- Name: orders; Type: TABLE; Schema: public; Owner: postgres
--

CREATE TABLE public.orders (
    id integer NOT NULL,
    count integer NOT NULL,
    date_time timestamp without time zone,
    number character varying(255),
    price real NOT NULL,
    status integer,
    person_id integer NOT NULL,
    product_id integer NOT NULL
);


ALTER TABLE public.orders OWNER TO postgres;

--
-- TOC entry 213 (class 1259 OID 17518)
-- Name: orders_id_seq; Type: SEQUENCE; Schema: public; Owner: postgres
--

ALTER TABLE public.orders ALTER COLUMN id ADD GENERATED BY DEFAULT AS IDENTITY (
    SEQUENCE NAME public.orders_id_seq
    START WITH 1
    INCREMENT BY 1
    NO MINVALUE
    NO MAXVALUE
    CACHE 1
);


--
-- TOC entry 216 (class 1259 OID 17525)
-- Name: person; Type: TABLE; Schema: public; Owner: postgres
--

CREATE TABLE public.person (
    id integer NOT NULL,
    login character varying(50),
    password character varying(255),
    role character varying(255)
);


ALTER TABLE public.person OWNER TO postgres;

--
-- TOC entry 215 (class 1259 OID 17524)
-- Name: person_id_seq; Type: SEQUENCE; Schema: public; Owner: postgres
--

ALTER TABLE public.person ALTER COLUMN id ADD GENERATED BY DEFAULT AS IDENTITY (
    SEQUENCE NAME public.person_id_seq
    START WITH 1
    INCREMENT BY 1
    NO MINVALUE
    NO MAXVALUE
    CACHE 1
);


--
-- TOC entry 218 (class 1259 OID 17533)
-- Name: product; Type: TABLE; Schema: public; Owner: postgres
--

CREATE TABLE public.product (
    id integer NOT NULL,
    date_time_of_created timestamp without time zone,
    description text NOT NULL,
    price real NOT NULL,
    seller character varying(255) NOT NULL,
    title text NOT NULL,
    warehouse character varying(255) NOT NULL,
    category_id integer NOT NULL,
    CONSTRAINT product_price_check CHECK ((price >= (1)::double precision))
);


ALTER TABLE public.product OWNER TO postgres;

--
-- TOC entry 220 (class 1259 OID 17542)
-- Name: product_cart; Type: TABLE; Schema: public; Owner: postgres
--

CREATE TABLE public.product_cart (
    id integer NOT NULL,
    person_id integer,
    product_id integer
);


ALTER TABLE public.product_cart OWNER TO postgres;

--
-- TOC entry 219 (class 1259 OID 17541)
-- Name: product_cart_id_seq; Type: SEQUENCE; Schema: public; Owner: postgres
--

ALTER TABLE public.product_cart ALTER COLUMN id ADD GENERATED BY DEFAULT AS IDENTITY (
    SEQUENCE NAME public.product_cart_id_seq
    START WITH 1
    INCREMENT BY 1
    NO MINVALUE
    NO MAXVALUE
    CACHE 1
);


--
-- TOC entry 217 (class 1259 OID 17532)
-- Name: product_id_seq; Type: SEQUENCE; Schema: public; Owner: postgres
--

ALTER TABLE public.product ALTER COLUMN id ADD GENERATED BY DEFAULT AS IDENTITY (
    SEQUENCE NAME public.product_id_seq
    START WITH 1
    INCREMENT BY 1
    NO MINVALUE
    NO MAXVALUE
    CACHE 1
);


--
-- TOC entry 3350 (class 0 OID 17507)
-- Dependencies: 210
-- Data for Name: category; Type: TABLE DATA; Schema: public; Owner: postgres
--

INSERT INTO public.category (id, name) VALUES (1, 'Кресла');
INSERT INTO public.category (id, name) VALUES (2, 'Диваны');
INSERT INTO public.category (id, name) VALUES (3, 'Кровати');


--
-- TOC entry 3352 (class 0 OID 17513)
-- Dependencies: 212
-- Data for Name: image; Type: TABLE DATA; Schema: public; Owner: postgres
--

INSERT INTO public.image (id, file_name, product_id) VALUES (91, 'd83a798d-0aa1-4ff0-9842-355ba640f0a7.0701.jpg', 19);
INSERT INTO public.image (id, file_name, product_id) VALUES (92, '6492baa6-591d-40a0-8cb4-428ec40e9c79.0702.jpg', 19);
INSERT INTO public.image (id, file_name, product_id) VALUES (93, '6457d5f4-07f1-4b24-a3c7-fd618f84a3ee.0703.jpg', 19);
INSERT INTO public.image (id, file_name, product_id) VALUES (94, 'adb2461a-0fcf-4e34-bb18-348d5cfa0595.0704.jpg', 19);
INSERT INTO public.image (id, file_name, product_id) VALUES (95, '9f5a4fff-fe27-4d38-966e-e2f5ad7dae90.0705.jpg', 19);
INSERT INTO public.image (id, file_name, product_id) VALUES (96, '76e3a749-4afa-4356-b7a1-19e42fa6ca0e.0801.jpg', 20);
INSERT INTO public.image (id, file_name, product_id) VALUES (97, '8fb83201-abef-4511-b8b7-e93b341b18bf.0802.jpg', 20);
INSERT INTO public.image (id, file_name, product_id) VALUES (98, 'c306ccad-5cf0-4da1-9c11-0a601849ff40.0803.jpg', 20);
INSERT INTO public.image (id, file_name, product_id) VALUES (99, 'f9345b75-b853-463e-a905-89f9c112cc70.0804.jpg', 20);
INSERT INTO public.image (id, file_name, product_id) VALUES (100, '3543b2f8-14e4-450e-8b12-ca1f049cf26c.0805.jpg', 20);
INSERT INTO public.image (id, file_name, product_id) VALUES (101, 'ef581968-4257-4b30-be36-613bbd3729b9.0901.jpg', 21);
INSERT INTO public.image (id, file_name, product_id) VALUES (102, '21cb0d91-db6e-4c0d-99ae-2566d8e7f1ee.0902.jpg', 21);
INSERT INTO public.image (id, file_name, product_id) VALUES (103, 'b255110f-08db-46de-a2b6-2ab8baf49b88.0903.jpg', 21);
INSERT INTO public.image (id, file_name, product_id) VALUES (104, '34f687bc-5c68-4a06-bbae-69e4b6ebfcf9.0904.jpg', 21);
INSERT INTO public.image (id, file_name, product_id) VALUES (105, 'c2700f7e-9c48-4b96-9eec-80fb15fe043c.0905.jpg', 21);
INSERT INTO public.image (id, file_name, product_id) VALUES (106, 'b6bba56b-4322-4cd9-8a56-c0cc2783caca.1001.jpg', 22);
INSERT INTO public.image (id, file_name, product_id) VALUES (107, 'c4d40912-2f0a-4853-ace1-237646fbed4e.1002.jpg', 22);
INSERT INTO public.image (id, file_name, product_id) VALUES (108, '18f80e2d-49ba-4165-a98d-075264857878.1003.jpg', 22);
INSERT INTO public.image (id, file_name, product_id) VALUES (109, '99b091f2-1b67-4dee-8aa2-beb4cf2db28c.1004.jpg', 22);
INSERT INTO public.image (id, file_name, product_id) VALUES (110, '45cc5fcd-eb61-4fca-b38f-e05722306f5b.1005.jpg', 22);
INSERT INTO public.image (id, file_name, product_id) VALUES (111, 'e01d2397-bcb0-4b7f-9bab-c7ba58902986.1101.jpg', 23);
INSERT INTO public.image (id, file_name, product_id) VALUES (112, '29ae0737-960b-474e-ba14-62cc8579613b.1102.jpg', 23);
INSERT INTO public.image (id, file_name, product_id) VALUES (113, '842c1b08-2c38-499a-8b85-ba329d46920b.1103.jpg', 23);
INSERT INTO public.image (id, file_name, product_id) VALUES (114, 'f1d30912-d1d2-4ad0-9d48-616ca23c7500.1104.jpg', 23);
INSERT INTO public.image (id, file_name, product_id) VALUES (115, '559aca99-ff46-4a56-80cb-90a8b0684484.1105.jpg', 23);
INSERT INTO public.image (id, file_name, product_id) VALUES (116, '09205e50-57f8-4eb1-b325-c264a140f287.1201.jpg', 24);
INSERT INTO public.image (id, file_name, product_id) VALUES (117, 'ddefba27-87fc-42fc-8c1f-949ebed111b6.1202.jpg', 24);
INSERT INTO public.image (id, file_name, product_id) VALUES (118, 'bdb045d5-2bab-4345-bbc1-e8aded59837c.1203.jpg', 24);
INSERT INTO public.image (id, file_name, product_id) VALUES (119, 'c03d0ab2-f7a3-44a5-ab62-bcb739fd3f36.1204.jpg', 24);
INSERT INTO public.image (id, file_name, product_id) VALUES (120, 'ee73461b-0b5b-4d7e-baff-b0941de58b44.1205.jpg', 24);
INSERT INTO public.image (id, file_name, product_id) VALUES (121, '48d61c37-881c-4efb-b90c-b2af26fd5343.1301.jpg', 25);
INSERT INTO public.image (id, file_name, product_id) VALUES (122, '667b5ba4-e6a7-4dd4-99ce-db9016d95f15.1302.jpg', 25);
INSERT INTO public.image (id, file_name, product_id) VALUES (123, 'b2a14627-2dc8-4ee4-b05a-93f67406e145.1303.jpg', 25);
INSERT INTO public.image (id, file_name, product_id) VALUES (124, '0607f153-7b84-4b27-b39b-29fe60c20928.1304.jpg', 25);
INSERT INTO public.image (id, file_name, product_id) VALUES (125, '432f6efd-46a8-4de9-bb6b-757cbdd5fd79.1305.jpg', 25);
INSERT INTO public.image (id, file_name, product_id) VALUES (126, '5fa42b88-ae59-49cb-a0dd-66861d1a8857.1401.jpg', 26);
INSERT INTO public.image (id, file_name, product_id) VALUES (127, 'bf8efb7c-7642-4012-9711-c0560941442d.1402.jpg', 26);
INSERT INTO public.image (id, file_name, product_id) VALUES (128, '65c00a8a-4e24-4d38-bd6d-3c57c6127ae7.1403.jpg', 26);
INSERT INTO public.image (id, file_name, product_id) VALUES (129, '8c0166db-d00f-4c20-9bce-f0730d3b78da.1404.jpg', 26);
INSERT INTO public.image (id, file_name, product_id) VALUES (130, '560e6c3d-7b6c-40ed-8538-97a94aed976e.1405.jpg', 26);
INSERT INTO public.image (id, file_name, product_id) VALUES (131, '2156ef59-f8eb-43dd-99d4-54d88b52803a.1501.jpg', 27);
INSERT INTO public.image (id, file_name, product_id) VALUES (132, '1956bb0e-55f0-49f2-96c5-f6d537bdca09.1502.jpg', 27);
INSERT INTO public.image (id, file_name, product_id) VALUES (133, 'd613958e-61c3-4049-97d2-7c55642dfdf0.1503.jpg', 27);
INSERT INTO public.image (id, file_name, product_id) VALUES (134, 'f551685a-de7c-4d1d-aecb-1db27669e8fa.1504.jpg', 27);
INSERT INTO public.image (id, file_name, product_id) VALUES (135, '8b565723-6367-4142-9795-832af7bcf017.1505.jpg', 27);
INSERT INTO public.image (id, file_name, product_id) VALUES (51, 'f1ef5073-c40a-4c39-9987-b797b24929fb.0101.jpg', 11);
INSERT INTO public.image (id, file_name, product_id) VALUES (52, '598998a8-7e95-4c10-8119-c43488c0a45d.0103.jpg', 11);
INSERT INTO public.image (id, file_name, product_id) VALUES (53, 'ca590ea5-74ce-4777-9072-44c115ce7033.0104.jpg', 11);
INSERT INTO public.image (id, file_name, product_id) VALUES (54, 'efd1cf9e-ab36-4bc8-8ce9-6189ed7a76da.0105.jpg', 11);
INSERT INTO public.image (id, file_name, product_id) VALUES (55, '81e91eb1-925c-4eb1-b5aa-debe21c97a5f.0102.jpg', 11);
INSERT INTO public.image (id, file_name, product_id) VALUES (56, 'cbb11d68-4d44-4d55-97a6-3575672add44.0201.jpg', 12);
INSERT INTO public.image (id, file_name, product_id) VALUES (57, '31d304aa-1a71-4f14-ae49-9c5b43d4a5d3.0203.jpg', 12);
INSERT INTO public.image (id, file_name, product_id) VALUES (58, '5ef207e5-e94a-43d1-b880-b9088920ab35.0205.jpg', 12);
INSERT INTO public.image (id, file_name, product_id) VALUES (59, '4c60a685-e18f-4031-94a5-d8d269594bf7.0202.jpg', 12);
INSERT INTO public.image (id, file_name, product_id) VALUES (60, 'dd20db14-c025-4044-b877-f60edef7f44a.0204.jpg', 12);
INSERT INTO public.image (id, file_name, product_id) VALUES (61, '32b7a1c8-53ae-4259-a379-0f119747552a.0301.jpg', 13);
INSERT INTO public.image (id, file_name, product_id) VALUES (62, 'f711c4d1-3fcf-4fa2-adc4-802401079773.0302.jpg', 13);
INSERT INTO public.image (id, file_name, product_id) VALUES (63, '8ee5ca1c-0ef3-45ee-8bc4-3306d7ad1a9c.0303.jpg', 13);
INSERT INTO public.image (id, file_name, product_id) VALUES (64, 'c3c39b6f-5686-4700-9448-b10e0ef8f1f7.0304.jpg', 13);
INSERT INTO public.image (id, file_name, product_id) VALUES (65, 'a36d0a12-0ccf-45f7-9bac-81d98960d88a.0305.jpg', 13);
INSERT INTO public.image (id, file_name, product_id) VALUES (66, 'ab546b98-1b1c-403b-834e-89314b88c877.0401.jpg', 14);
INSERT INTO public.image (id, file_name, product_id) VALUES (67, '3c1e356b-83f8-4715-ad63-df5107f5e577.0402.jpg', 14);
INSERT INTO public.image (id, file_name, product_id) VALUES (68, '9071d591-7f8e-4f21-8840-a01d5fd7ad83.0404.jpg', 14);
INSERT INTO public.image (id, file_name, product_id) VALUES (69, 'b70c6fb9-3e99-4a34-b7eb-6027de3f4f5b.0403.jpg', 14);
INSERT INTO public.image (id, file_name, product_id) VALUES (70, 'd60aafb9-fb46-4b49-bca7-1f340e264d92.0405.jpg', 14);
INSERT INTO public.image (id, file_name, product_id) VALUES (71, '290ff7c6-daf3-4e3f-ace2-c04ec9d5d102.0501.jpg', 15);
INSERT INTO public.image (id, file_name, product_id) VALUES (72, 'c1000d22-113d-4a07-a9c4-666e31ab5ec0.0502.jpg', 15);
INSERT INTO public.image (id, file_name, product_id) VALUES (73, '9b570f4f-e600-455e-bd5d-5875aa260d73.0503.jpg', 15);
INSERT INTO public.image (id, file_name, product_id) VALUES (74, 'c03d9675-5a1a-4a30-9dc3-f0f48a24958e.0504.jpg', 15);
INSERT INTO public.image (id, file_name, product_id) VALUES (75, '0e420824-08b4-40d1-9cb8-73a114724055.0505.jpg', 15);
INSERT INTO public.image (id, file_name, product_id) VALUES (76, 'cbe7e9b7-7798-4ec3-92af-3975dead5afc.0601.jpg', 16);
INSERT INTO public.image (id, file_name, product_id) VALUES (77, 'f0dad378-ecb5-463b-9e12-523864fa0afc.0602.jpg', 16);
INSERT INTO public.image (id, file_name, product_id) VALUES (78, '2d2b30bc-6ce4-476e-b012-788c83152154.0603.jpg', 16);
INSERT INTO public.image (id, file_name, product_id) VALUES (79, '7c6d40ff-bd31-4141-acff-3ed109c5ce35.0604.jpg', 16);
INSERT INTO public.image (id, file_name, product_id) VALUES (80, '3d904330-4672-479e-95ad-d34737fa5471.0605.jpg', 16);


--
-- TOC entry 3354 (class 0 OID 17519)
-- Dependencies: 214
-- Data for Name: orders; Type: TABLE DATA; Schema: public; Owner: postgres
--

INSERT INTO public.orders (id, count, date_time, number, price, status, person_id, product_id) VALUES (10, 1, '2022-12-12 00:13:48.11153', 'a0ed2ceb-731b-4ccf-9fb7-d90aeb56070d', 16500, 1, 10, 13);


--
-- TOC entry 3356 (class 0 OID 17525)
-- Dependencies: 216
-- Data for Name: person; Type: TABLE DATA; Schema: public; Owner: postgres
--

INSERT INTO public.person (id, login, password, role) VALUES (10, 'user222', '$2a$10$QUEJUIzPyQ/Y/ueAdG88yuP2tugUPwKoISqzGpRHUnLN.P7kGZ1Q6', 'ROLE_USER');
INSERT INTO public.person (id, login, password, role) VALUES (9, 'admin222', '$2a$10$40YTDfc2LYXiguf9.NNvt.IGk83mOGh/NGxC0FEZv.jC8L5cGBtym', 'ROLE_ADMIN');


--
-- TOC entry 3358 (class 0 OID 17533)
-- Dependencies: 218
-- Data for Name: product; Type: TABLE DATA; Schema: public; Owner: postgres
--

INSERT INTO public.product (id, date_time_of_created, description, price, seller, title, warehouse, category_id) VALUES (11, '2022-12-11 22:35:04.442495', 'Неотъемлемый атрибут  правильного интерьера - уютная мебель. Оригинальное скандинавское кресло Витио станет отличным дополнением для дома или офиса. Несколько изделий можно комбинировать в зависимости от размеров помещения.', 19990, 'Мебель-лайт', 'Кресло Витио Velvet Yellow', 'Северный пункт', 1);
INSERT INTO public.product (id, date_time_of_created, description, price, seller, title, warehouse, category_id) VALUES (12, '2022-12-11 22:47:50.362697', 'Серия Лонди точно отражает настроение времени - баланс эстетики и повышенного комфорта. Отличительные черты коллекции: уникальная скругленная форма, материалы повышенной комфортности в наполнении, мягкая с высоким ворсом ткань обивки.', 36990, 'Мебель-лайт', 'Кресло Лонди Cozy Emerald', 'Восточный пункт', 1);
INSERT INTO public.product (id, date_time_of_created, description, price, seller, title, warehouse, category_id) VALUES (13, '2022-12-11 22:52:22.327829', 'Большое и невероятно уютное кресло Тилар станет любимым местом в каждом доме. Удобный наклон спинки, высокая комфортная посадка, приятный материал обивки - компактное и стильное кресло приятно удивит ценителей гармонии в интерьере.', 16500, 'Диванофф', 'Кресло Тилар Textile Grey', 'Восточный пункт', 1);
INSERT INTO public.product (id, date_time_of_created, description, price, seller, title, warehouse, category_id) VALUES (14, '2022-12-11 22:59:49.772507', 'Воплощение спокойствия и комфорта - это кресло Винси. Идеальное место для безмятежного отдыха после насыщенного дня. Широкие подлокотники и оптимальный угол между сиденьем и спинкой позволяют полностью расслабиться.', 13990, 'Диванофф', 'Кресло Винси Soft Olive', 'Северный пункт', 1);
INSERT INTO public.product (id, date_time_of_created, description, price, seller, title, warehouse, category_id) VALUES (15, '2022-12-11 23:01:51.11418', 'Пайл - акцентное кресло, совмещающее комфорт и последние тенденции. Кресло Пайл легко может стать частью скандинавского интерьера или дополнить интерьер в стиле бохо. Округлая форма и необычное основание притягивают взгляды.', 45100, 'Шик-М', 'Кресло Пайл Cozy White', 'Южный пункт', 1);
INSERT INTO public.product (id, date_time_of_created, description, price, seller, title, warehouse, category_id) VALUES (16, '2022-12-11 23:03:19.696294', 'Лаконичный дизайн дивана Эби подойдет для создания интерьера в стиле лофт. Акцентная окантовка подчеркивает геометрию форм и присущую стилю строгость. Лишних деталей нет - все функционально.', 66800, 'Шик-М', 'Диван Эби Мини Linia Pink', 'Южный пункт', 2);
INSERT INTO public.product (id, date_time_of_created, description, price, seller, title, warehouse, category_id) VALUES (19, '2022-12-11 23:23:52.132075', 'Простые формы, безупречный стиль и индивидуальность - это диван Линкс. Сдержанный скандинавский дизайн украсит любую современную обстановку. Элегантность, комфорт и функциональность, собранные воедино.', 54000, 'Мебель-лайт', 'Диван Линкс Textile Blue', 'Южный пункт', 2);
INSERT INTO public.product (id, date_time_of_created, description, price, seller, title, warehouse, category_id) VALUES (20, '2022-12-11 23:36:21.826984', 'Дизайн дивана Данста сбалансирован и продуман до мелочей. Прямоугольное основание, приподнятое над полом, делает модель визуально легкой. Приспинные подушки и мягкие декоративные валики добавляют комфорт.', 49990, 'Шик-М', 'Диван Данста Velvet Terra', 'Восточный пункт', 2);
INSERT INTO public.product (id, date_time_of_created, description, price, seller, title, warehouse, category_id) VALUES (21, '2022-12-11 23:40:33.89066', 'Лаконичные линии и простые формы, безупречный стиль и индивидуальность - таков диван Динс Мини. Соединенная между собой пара механизмов позволит разложить диван на две раздельных секции, и это очень удобно.', 41000, 'Диванофф', 'Диван Динс Мини Velvet Plum', 'Северный пункт', 2);
INSERT INTO public.product (id, date_time_of_created, description, price, seller, title, warehouse, category_id) VALUES (22, '2022-12-11 23:43:10.13172', 'Ультрамягкий и удобный диван Кайрон создан для большой и дружной семьи. Дети останутся в восторге от широкого безопасного пространства для игр. А взрослые с комфортом разместятся здесь же с большой компанией друзей.', 78200, 'Шик-М', 'Диван Кайрон Velvet Grafit', 'Северный пункт', 2);
INSERT INTO public.product (id, date_time_of_created, description, price, seller, title, warehouse, category_id) VALUES (23, '2022-12-11 23:45:36.870203', 'Модель Молсон выгодно дополнит современный интерьер спальни. Приятные оттенки, элегантная отделка изголовья, практичные ножки - закажите в комплект пару прикроватных тумб и логически завершите обстановку.', 60000, 'Шик-М', 'Кровать Молсон 160 Happy Mint', 'Восточный пункт', 3);
INSERT INTO public.product (id, date_time_of_created, description, price, seller, title, warehouse, category_id) VALUES (26, '2022-12-11 23:58:39.776542', 'Благодаря прямоугольным формам и продуманному дизайну кровать Фиори смотрится элегантно и сдержанно. Модель имеет мягкую обивку. Оригинальная отделка изголовья сделает кровать логическим центром любой спальни.', 49000, 'Мебель-лайт', 'Кровать Фиори 160 Velvet Light', 'Южный пункт', 3);
INSERT INTO public.product (id, date_time_of_created, description, price, seller, title, warehouse, category_id) VALUES (25, NULL, 'Выверенные пропорции и правильные формы кровати Далти дополняет изголовье чуть больших габаритов, нарушая тем самым идиллию геометрии кровати. В модели не предусмотрено изножье - это визуально облегчает конструкцию.', 45000, 'Шик-М', 'Кровать Далти 160 Bucle Blue', 'Северный пункт', 3);
INSERT INTO public.product (id, date_time_of_created, description, price, seller, title, warehouse, category_id) VALUES (24, NULL, 'Просторная двуспальная кровать Сиена - гармония практичности и вкуса. Элегантная мягкая спинка со стяжками не только украсит интерьер спальни, но и сделает отдых комфортным. Задняя спинка модели выполнена в спанбонде.', 33500, 'Диванофф', 'Кровать Сиена 160 White', 'Южный пункт', 3);
INSERT INTO public.product (id, date_time_of_created, description, price, seller, title, warehouse, category_id) VALUES (27, '2022-12-12 00:03:17.522288', 'Сдержанное и актуальное оформление кровати Вайлор по достоинству оценят приверженцы минимализма. В качестве опции модель комплектуется подъемным механизмом - полый отсек будет служить системой хранения.', 43000, 'Мебель-лайт', 'Кровать Вайлор 160 Happy Light', 'Восточный пункт', 3);


--
-- TOC entry 3360 (class 0 OID 17542)
-- Dependencies: 220
-- Data for Name: product_cart; Type: TABLE DATA; Schema: public; Owner: postgres
--



--
-- TOC entry 3366 (class 0 OID 0)
-- Dependencies: 209
-- Name: category_id_seq; Type: SEQUENCE SET; Schema: public; Owner: postgres
--

SELECT pg_catalog.setval('public.category_id_seq', 7, true);


--
-- TOC entry 3367 (class 0 OID 0)
-- Dependencies: 211
-- Name: image_id_seq; Type: SEQUENCE SET; Schema: public; Owner: postgres
--

SELECT pg_catalog.setval('public.image_id_seq', 135, true);


--
-- TOC entry 3368 (class 0 OID 0)
-- Dependencies: 213
-- Name: orders_id_seq; Type: SEQUENCE SET; Schema: public; Owner: postgres
--

SELECT pg_catalog.setval('public.orders_id_seq', 10, true);


--
-- TOC entry 3369 (class 0 OID 0)
-- Dependencies: 215
-- Name: person_id_seq; Type: SEQUENCE SET; Schema: public; Owner: postgres
--

SELECT pg_catalog.setval('public.person_id_seq', 10, true);


--
-- TOC entry 3370 (class 0 OID 0)
-- Dependencies: 219
-- Name: product_cart_id_seq; Type: SEQUENCE SET; Schema: public; Owner: postgres
--

SELECT pg_catalog.setval('public.product_cart_id_seq', 16, true);


--
-- TOC entry 3371 (class 0 OID 0)
-- Dependencies: 217
-- Name: product_id_seq; Type: SEQUENCE SET; Schema: public; Owner: postgres
--

SELECT pg_catalog.setval('public.product_id_seq', 27, true);


--
-- TOC entry 3191 (class 2606 OID 17511)
-- Name: category category_pkey; Type: CONSTRAINT; Schema: public; Owner: postgres
--

ALTER TABLE ONLY public.category
    ADD CONSTRAINT category_pkey PRIMARY KEY (id);


--
-- TOC entry 3193 (class 2606 OID 17517)
-- Name: image image_pkey; Type: CONSTRAINT; Schema: public; Owner: postgres
--

ALTER TABLE ONLY public.image
    ADD CONSTRAINT image_pkey PRIMARY KEY (id);


--
-- TOC entry 3195 (class 2606 OID 17523)
-- Name: orders orders_pkey; Type: CONSTRAINT; Schema: public; Owner: postgres
--

ALTER TABLE ONLY public.orders
    ADD CONSTRAINT orders_pkey PRIMARY KEY (id);


--
-- TOC entry 3197 (class 2606 OID 17531)
-- Name: person person_pkey; Type: CONSTRAINT; Schema: public; Owner: postgres
--

ALTER TABLE ONLY public.person
    ADD CONSTRAINT person_pkey PRIMARY KEY (id);


--
-- TOC entry 3203 (class 2606 OID 17546)
-- Name: product_cart product_cart_pkey; Type: CONSTRAINT; Schema: public; Owner: postgres
--

ALTER TABLE ONLY public.product_cart
    ADD CONSTRAINT product_cart_pkey PRIMARY KEY (id);


--
-- TOC entry 3199 (class 2606 OID 17540)
-- Name: product product_pkey; Type: CONSTRAINT; Schema: public; Owner: postgres
--

ALTER TABLE ONLY public.product
    ADD CONSTRAINT product_pkey PRIMARY KEY (id);


--
-- TOC entry 3201 (class 2606 OID 17548)
-- Name: product uk_qka6vxqdy1dprtqnx9trdd47c; Type: CONSTRAINT; Schema: public; Owner: postgres
--

ALTER TABLE ONLY public.product
    ADD CONSTRAINT uk_qka6vxqdy1dprtqnx9trdd47c UNIQUE (title);


--
-- TOC entry 3205 (class 2606 OID 17554)
-- Name: orders fk1b0m4muwx1t377w9if3w6wwqn; Type: FK CONSTRAINT; Schema: public; Owner: postgres
--

ALTER TABLE ONLY public.orders
    ADD CONSTRAINT fk1b0m4muwx1t377w9if3w6wwqn FOREIGN KEY (person_id) REFERENCES public.person(id);


--
-- TOC entry 3207 (class 2606 OID 17564)
-- Name: product fk1mtsbur82frn64de7balymq9s; Type: FK CONSTRAINT; Schema: public; Owner: postgres
--

ALTER TABLE ONLY public.product
    ADD CONSTRAINT fk1mtsbur82frn64de7balymq9s FOREIGN KEY (category_id) REFERENCES public.category(id);


--
-- TOC entry 3206 (class 2606 OID 17559)
-- Name: orders fk787ibr3guwp6xobrpbofnv7le; Type: FK CONSTRAINT; Schema: public; Owner: postgres
--

ALTER TABLE ONLY public.orders
    ADD CONSTRAINT fk787ibr3guwp6xobrpbofnv7le FOREIGN KEY (product_id) REFERENCES public.product(id);


--
-- TOC entry 3204 (class 2606 OID 17549)
-- Name: image fkgpextbyee3uk9u6o2381m7ft1; Type: FK CONSTRAINT; Schema: public; Owner: postgres
--

ALTER TABLE ONLY public.image
    ADD CONSTRAINT fkgpextbyee3uk9u6o2381m7ft1 FOREIGN KEY (product_id) REFERENCES public.product(id);


--
-- TOC entry 3209 (class 2606 OID 17574)
-- Name: product_cart fkhpnrxdy3jhujameyod08ilvvw; Type: FK CONSTRAINT; Schema: public; Owner: postgres
--

ALTER TABLE ONLY public.product_cart
    ADD CONSTRAINT fkhpnrxdy3jhujameyod08ilvvw FOREIGN KEY (product_id) REFERENCES public.product(id);


--
-- TOC entry 3208 (class 2606 OID 17569)
-- Name: product_cart fksgnkc1ko2i1o9yr2p63ysq3rn; Type: FK CONSTRAINT; Schema: public; Owner: postgres
--

ALTER TABLE ONLY public.product_cart
    ADD CONSTRAINT fksgnkc1ko2i1o9yr2p63ysq3rn FOREIGN KEY (person_id) REFERENCES public.person(id);


-- Completed on 2022-12-12 00:44:05

--
-- PostgreSQL database dump complete
--

